idx,cost,path
1,49657,0 0 111 81 153 163 180 176 86 95 128 106 159 143 124 62 18 55 34 170 152 183 140 4 149 28 59 20 60 148 47 94 66 22 130 99 185 179 172 166 194 113 26 114 137 103 89 127 165 187 146 77 97 141 91 36 61 175 78 142 45 5 177 82 87 21 8 104 56 144 160 33 138 182 139 11 168 195 43 134 51 121 90 191 147 6 188 169 132 13 145 161 70 3 15 155 189 29 109 35 
2,52636,1 1 16 27 38 135 102 63 40 107 100 122 133 10 178 147 71 90 191 51 125 131 121 112 19 151 54 73 164 31 136 45 5 177 25 104 138 182 139 168 195 145 15 3 70 161 13 132 169 188 6 134 43 11 49 33 160 29 109 35 0 111 144 56 8 82 87 21 77 81 153 163 176 86 95 185 179 166 194 113 103 89 127 165 187 97 141 91 61 36 142 78 175 162 80 190 193 117 198 156 
3,49617,2 139 11 182 138 33 160 144 56 104 8 21 87 82 177 5 45 142 78 175 61 36 91 141 97 77 146 187 165 127 89 103 137 114 26 113 194 166 172 179 185 99 130 22 66 94 47 148 60 20 59 28 149 4 140 183 152 170 34 55 18 62 124 143 159 106 128 95 86 176 180 163 153 81 111 0 35 109 29 168 195 145 15 3 70 161 13 132 169 188 6 147 191 90 122 135 131 121 51 134 
4,51572,3 3 155 184 152 170 140 183 130 99 22 185 9 199 4 149 28 59 20 60 148 47 94 66 179 172 52 166 194 113 26 103 114 137 127 165 89 163 180 176 86 95 83 55 18 62 128 124 106 159 143 35 0 111 81 153 187 146 77 97 141 91 36 61 175 78 142 45 5 177 82 87 21 8 104 56 144 160 33 138 182 139 11 49 29 109 34 189 15 145 195 168 126 13 132 169 6 188 161 70 
5,51625,4 4 53 152 170 140 183 199 9 130 95 86 128 83 55 34 18 62 124 143 159 106 176 180 153 81 77 82 8 56 144 111 0 35 109 29 160 33 11 43 134 147 6 188 169 132 13 161 70 3 15 145 195 168 139 182 138 104 21 177 5 45 142 78 175 61 36 91 141 97 146 187 163 89 165 127 137 114 103 26 113 194 166 185 99 22 179 52 172 57 66 94 154 47 148 60 20 59 28 149 
6,48998,5 5 177 25 104 138 182 139 168 195 145 15 3 70 161 13 132 169 188 6 147 191 90 178 10 133 122 100 107 40 63 135 131 121 51 98 118 74 134 43 11 49 33 160 29 109 35 0 111 144 56 8 82 87 21 77 81 153 163 176 86 95 128 106 124 62 18 55 34 170 152 183 140 28 20 60 148 47 94 130 99 185 179 166 194 113 103 89 127 165 187 97 141 91 61 36 78 175 142 45 
7,49476,6 6 147 191 90 122 131 121 51 134 43 139 11 182 138 33 160 144 56 104 8 21 87 82 177 5 45 142 78 175 61 36 91 141 97 77 146 187 165 127 89 103 137 114 26 113 194 166 172 179 185 99 130 22 66 94 47 148 60 20 59 28 149 4 140 183 152 170 34 55 18 62 124 143 159 106 128 95 86 176 180 163 153 81 111 0 35 109 29 168 195 145 15 3 70 161 13 132 169 188 
8,49836,7 175 78 142 45 5 177 25 104 138 182 139 168 195 145 15 3 70 161 13 132 169 188 6 147 191 90 178 10 133 122 100 107 40 63 135 131 121 51 98 118 74 134 43 11 49 33 160 29 109 35 0 111 144 56 8 82 87 21 77 81 153 163 176 86 95 128 106 124 62 18 55 34 170 152 183 140 28 20 60 148 47 94 130 99 185 179 166 194 113 103 89 127 165 187 97 141 91 61 36 
9,49758,8 8 21 87 82 177 5 45 142 78 175 61 36 91 141 97 77 146 187 165 127 89 103 137 114 26 113 194 166 172 179 185 99 130 22 66 94 47 148 60 20 59 28 149 4 140 183 152 170 34 55 18 62 124 143 159 106 128 95 86 176 180 163 153 81 111 0 35 109 29 160 33 49 11 43 134 51 121 131 90 191 147 6 188 169 132 13 161 70 3 15 145 195 168 139 182 138 104 56 144 
10,51766,9 9 99 22 130 95 86 128 83 55 34 18 62 124 143 159 106 176 180 153 81 77 82 8 56 144 111 0 35 109 29 160 33 11 43 134 147 6 188 169 132 13 161 70 3 15 145 195 168 139 182 138 104 21 177 5 45 142 78 175 61 36 91 141 97 146 187 163 89 165 127 137 114 103 26 113 194 166 185 179 52 172 57 66 94 154 47 148 60 20 59 28 149 4 53 152 170 140 183 199 
11,52521,10 10 178 147 71 90 191 125 51 121 131 151 54 73 164 31 136 45 5 177 25 104 138 182 139 168 195 145 15 3 70 161 13 132 169 188 6 134 43 11 49 33 160 29 109 35 0 111 144 56 8 82 87 21 77 81 153 163 176 86 95 130 99 185 179 166 194 113 103 89 127 165 187 97 141 91 61 36 142 78 175 162 80 190 193 117 198 156 1 16 27 38 135 102 63 40 107 100 122 133 
12,49947,11 11 168 195 43 134 51 121 90 191 147 6 188 169 132 13 145 161 70 3 15 155 189 29 109 35 0 111 81 153 163 180 176 86 95 128 106 159 143 124 62 18 55 34 170 152 183 140 4 149 28 59 20 60 148 47 94 66 22 130 99 185 179 172 166 194 113 26 114 137 103 89 127 165 187 146 77 97 141 91 36 61 175 78 142 45 5 177 82 87 21 8 104 56 144 160 33 138 182 139 
13,50536,12 0 35 109 29 189 155 15 3 70 161 145 13 132 169 188 6 147 191 90 121 51 134 43 195 168 11 139 182 138 33 160 144 56 104 8 21 87 82 177 5 45 142 78 175 61 36 91 141 97 77 146 187 165 127 89 103 137 114 26 113 194 166 172 179 185 99 130 22 66 94 47 148 60 20 59 28 149 4 140 183 152 170 34 55 18 62 124 143 159 106 128 95 86 176 180 163 153 81 111 
14,49558,13 13 132 169 188 6 147 191 90 122 131 121 51 134 43 139 11 182 138 33 160 144 56 104 8 21 87 82 177 5 45 142 78 175 61 36 91 141 97 77 146 187 165 127 89 103 137 114 26 113 194 166 172 179 185 99 130 22 66 94 47 148 60 20 59 28 149 4 140 183 152 170 34 55 18 62 124 143 159 106 128 95 86 176 180 163 153 81 111 0 35 109 29 168 195 145 15 3 70 161 
15,50618,14 111 35 109 0 29 160 33 49 11 43 134 51 121 131 90 191 147 6 188 169 132 13 161 70 3 15 145 195 168 139 182 138 104 56 144 8 177 5 45 142 78 175 36 61 91 21 87 82 77 141 97 146 187 165 127 89 103 137 114 26 113 194 166 172 179 185 99 130 22 66 94 47 148 60 20 59 28 149 4 140 183 152 170 34 55 18 62 124 143 159 106 128 95 86 176 180 163 153 81 
16,51817,15 15 189 34 109 29 49 11 139 182 138 33 160 144 56 104 8 21 87 82 177 5 45 142 78 175 61 36 91 141 97 77 146 187 153 81 111 0 35 143 159 106 124 128 62 18 55 83 95 86 176 180 163 89 165 127 137 114 103 26 113 194 166 52 172 179 66 94 47 148 60 20 59 28 149 4 199 9 185 22 99 130 183 140 170 152 184 155 3 70 161 188 6 169 132 13 126 168 195 145 
17,53026,16 16 27 38 102 63 100 40 107 72 10 133 122 135 131 125 90 191 71 147 51 121 112 19 151 73 164 54 31 136 45 5 177 25 104 138 182 139 168 195 145 15 3 70 161 13 132 169 188 6 134 43 11 49 33 160 29 109 35 0 111 144 56 8 82 87 21 77 81 153 163 176 86 95 185 179 166 194 113 103 89 127 165 187 97 141 91 61 36 142 78 175 162 80 190 193 117 198 156 1 
18,57640,17 17 100 72 44 133 10 178 115 147 71 120 51 98 74 118 116 121 112 19 151 73 164 54 31 136 45 5 177 25 104 138 182 139 168 195 145 15 3 70 161 13 132 169 188 6 134 43 11 49 33 160 29 109 35 0 111 144 56 8 82 87 21 77 81 153 163 89 127 187 97 141 91 61 36 142 78 175 162 80 190 193 117 198 156 1 16 27 38 131 125 191 90 122 135 32 102 63 40 107 
19,51383,18 18 55 34 62 83 170 152 4 149 28 59 20 60 148 47 94 66 9 199 140 183 95 130 99 22 185 179 172 52 166 194 113 26 103 114 137 127 165 89 163 187 146 97 141 77 81 153 180 176 86 128 124 106 159 143 35 0 111 82 87 21 91 61 36 175 78 142 45 5 177 8 104 56 144 160 33 138 182 139 11 168 195 43 134 147 6 188 169 132 13 145 161 70 3 15 155 189 29 109 
20,53112,19 19 151 73 164 54 31 136 45 5 177 25 104 138 182 139 168 195 145 15 3 70 161 13 132 169 188 6 134 43 11 49 33 160 29 109 35 0 111 144 56 8 82 87 21 77 81 153 163 176 86 95 185 179 166 194 113 103 89 127 165 187 97 141 91 61 36 142 78 175 162 80 190 193 117 198 156 1 16 27 38 135 102 63 40 107 100 122 133 10 178 147 71 90 191 51 125 131 121 112 
21,51512,20 20 60 154 94 66 47 148 99 22 179 172 52 185 166 194 113 26 103 114 137 127 165 89 163 187 146 97 141 91 36 61 175 78 142 45 5 177 21 87 104 138 182 139 168 195 145 15 3 70 161 13 132 169 188 6 147 134 43 11 33 160 29 109 35 0 111 144 56 8 82 77 81 153 180 176 106 159 143 124 62 18 34 55 83 128 86 95 130 9 199 183 140 170 152 53 4 149 28 59 
22,49976,21 21 77 81 153 163 180 176 86 95 128 106 159 143 124 62 18 55 34 170 152 183 140 4 149 28 59 20 60 148 47 94 66 22 130 99 185 179 172 166 194 113 26 114 137 103 89 127 165 187 146 97 141 91 61 36 175 78 142 45 5 177 25 104 138 182 139 168 195 145 15 3 70 161 13 132 169 188 6 147 191 90 121 51 134 43 11 49 33 160 29 109 35 0 111 144 56 8 82 87 
23,51373,22 22 99 130 66 94 154 47 148 60 20 59 28 149 4 199 140 183 152 170 34 55 18 83 62 124 143 159 106 128 95 86 176 180 153 81 77 82 8 56 144 111 0 35 109 29 160 33 49 11 43 134 90 147 6 188 169 132 13 161 70 3 15 145 195 168 139 182 138 104 87 21 177 5 45 142 78 175 61 36 91 141 97 146 187 163 89 165 127 137 114 103 26 113 194 166 185 52 172 179 
24,52396,23 23 20 59 28 149 4 53 152 170 140 183 199 9 130 95 86 128 83 55 34 18 62 124 143 159 106 176 180 153 81 77 82 8 56 144 111 0 35 109 29 160 33 11 43 134 147 6 188 169 132 13 161 70 3 15 145 195 168 139 182 138 104 21 177 5 45 142 78 175 61 36 91 141 97 146 187 163 89 165 127 137 114 103 26 113 194 166 185 52 172 179 22 99 148 47 66 94 154 60 
25,53232,24 1 16 27 38 135 102 63 40 107 100 122 133 10 178 147 71 90 191 51 125 131 121 112 19 151 54 73 164 31 136 45 5 177 25 104 138 182 139 168 195 145 15 3 70 161 13 132 169 188 6 134 43 11 49 33 160 29 109 35 0 111 144 56 8 82 87 21 77 81 153 163 176 86 95 185 179 166 194 113 103 89 127 165 187 97 141 91 61 36 142 78 175 162 80 190 193 117 198 156 
26,50272,25 25 5 45 142 175 78 36 61 91 141 97 146 187 165 127 89 103 137 114 26 113 194 166 172 179 185 99 130 22 66 94 47 148 60 20 59 28 149 4 140 183 152 170 34 55 18 62 124 143 159 106 128 95 86 176 180 163 153 81 77 21 87 82 8 56 144 111 0 35 109 29 160 33 49 11 43 134 51 121 90 191 147 6 188 169 132 13 161 70 3 15 145 195 168 139 182 138 104 177 
27,51281,26 26 113 194 166 52 172 179 185 99 130 22 66 94 154 47 148 60 20 59 28 149 4 199 140 183 152 170 34 55 18 83 62 124 143 159 106 128 95 86 176 180 153 81 77 82 8 56 144 111 0 35 109 29 160 33 49 11 43 134 90 147 6 188 169 132 13 161 70 3 15 145 195 168 139 182 138 104 87 21 177 5 45 142 78 175 61 36 91 141 97 146 187 163 89 165 127 137 114 103 
28,52903,27 27 16 1 156 198 117 193 80 190 162 175 78 142 36 61 91 141 97 187 165 127 89 103 113 194 166 179 185 95 86 176 163 153 81 77 21 87 82 8 56 144 111 0 35 109 29 160 33 49 11 43 134 6 188 169 132 13 161 70 3 15 145 195 168 139 182 138 104 25 177 5 45 136 31 54 164 73 151 19 112 121 51 71 147 191 90 125 131 135 122 133 10 72 107 40 100 63 102 38 
29,51339,28 28 149 4 53 152 170 140 183 199 9 130 95 86 128 83 55 34 18 62 124 143 159 106 176 180 153 81 77 82 8 56 144 111 0 35 109 29 160 33 11 43 134 147 6 188 169 132 13 161 70 3 15 145 195 168 139 182 138 104 21 177 5 45 142 78 175 61 36 91 141 97 146 187 163 89 165 127 137 114 103 26 113 194 166 185 99 22 179 52 172 57 66 94 154 47 148 60 20 59 
30,49645,29 29 189 155 15 3 70 161 145 13 132 169 188 6 147 191 90 121 51 134 43 195 168 11 139 182 138 33 160 144 56 104 8 21 87 82 177 5 45 142 78 175 61 36 91 141 97 77 146 187 165 127 89 103 137 114 26 113 194 166 172 179 185 99 130 22 66 94 47 148 60 20 59 28 149 4 140 183 152 170 34 55 18 62 124 143 159 106 128 95 86 176 180 163 153 81 111 0 35 109 
31,49238,30 80 190 162 175 78 142 36 61 91 141 97 187 165 127 89 103 113 194 166 179 185 99 130 22 66 94 47 148 60 20 28 149 4 140 183 152 170 34 55 18 62 124 106 128 95 86 176 163 153 81 77 21 87 82 8 56 144 111 0 35 109 29 160 33 49 11 43 134 147 6 188 169 132 13 161 70 3 15 145 195 168 139 182 138 104 25 177 5 45 136 193 31 164 73 54 117 198 1 156 
32,48507,31 31 164 73 54 117 198 193 80 190 162 175 78 142 36 61 91 141 97 187 165 127 89 103 114 113 194 166 179 185 99 130 22 66 94 47 148 60 20 28 149 4 140 183 152 170 34 55 18 62 124 106 128 95 86 176 180 163 153 81 77 21 87 82 8 56 144 111 0 35 109 29 160 33 49 11 43 134 147 6 188 169 132 13 161 70 3 15 145 195 168 139 182 138 104 25 177 5 45 136 
33,52694,32 63 40 107 100 122 133 10 178 147 71 90 191 125 51 121 131 151 54 73 164 31 136 45 5 177 25 104 138 182 139 168 195 145 15 3 70 161 13 132 169 188 6 134 43 11 49 33 160 29 109 35 0 111 144 56 8 82 87 21 77 81 153 163 176 86 95 183 130 99 185 179 166 194 113 103 89 127 165 187 97 141 91 61 36 142 78 175 162 80 190 193 117 198 156 1 16 27 38 135 
34,49695,33 33 160 144 56 104 8 21 87 82 177 5 45 142 78 175 61 36 91 141 97 77 146 187 165 127 89 103 137 114 26 113 194 166 172 179 185 99 130 22 66 94 47 148 60 20 59 28 149 4 140 183 152 170 34 55 18 62 124 143 159 106 128 95 86 176 180 163 153 81 111 0 35 109 29 189 155 15 3 70 161 145 13 132 169 188 6 147 191 90 121 51 134 43 195 168 11 139 182 138 
35,50701,34 34 55 18 62 170 152 4 149 28 59 20 60 148 47 94 66 9 199 140 183 95 130 99 22 185 179 172 166 194 113 26 103 114 137 127 165 89 163 180 176 86 128 124 106 159 143 35 0 111 81 153 187 146 77 97 141 91 36 61 175 78 142 45 5 177 82 87 21 8 104 56 144 160 33 138 182 139 11 168 195 43 134 51 90 147 6 188 169 132 13 145 161 70 3 15 155 189 29 109 
36,49749,35 35 0 111 81 153 163 180 176 86 95 128 106 159 143 124 62 18 55 34 170 152 183 140 4 149 28 59 20 60 148 47 94 66 22 130 99 185 179 172 166 194 113 26 114 137 103 89 127 165 187 146 77 97 141 91 36 61 175 78 142 45 5 177 82 87 21 8 104 56 144 160 33 138 182 139 11 168 195 43 134 51 121 90 191 147 6 188 169 132 13 145 161 70 3 15 155 189 29 109 
37,49993,36 36 61 91 175 78 142 45 5 177 21 87 104 138 182 139 168 195 145 15 3 70 161 13 132 169 188 6 147 191 90 131 121 51 134 43 11 49 33 160 29 109 35 0 111 144 56 8 82 81 153 163 180 176 86 95 128 106 159 143 124 62 18 55 34 170 152 183 140 4 149 28 59 20 60 148 47 94 66 22 130 99 185 179 172 166 194 113 26 114 137 103 89 127 165 187 146 77 97 141 
38,50760,37 111 81 153 163 180 176 86 95 128 106 159 143 124 62 18 55 34 170 152 183 140 4 149 28 59 20 60 148 47 94 66 22 130 99 185 179 172 166 194 113 26 114 137 103 89 127 165 187 146 77 97 141 91 36 61 175 78 142 45 5 177 82 87 21 8 56 104 138 182 139 168 195 145 15 3 70 161 13 132 169 188 6 147 191 90 131 121 51 134 43 11 49 33 160 144 0 29 109 35 
39,52825,38 38 102 63 100 40 107 72 10 133 122 135 131 125 90 191 71 147 51 121 112 19 151 73 164 54 31 136 45 5 177 25 104 138 182 139 168 195 145 15 3 70 161 13 132 169 188 6 134 43 11 49 33 160 29 109 35 0 111 144 56 8 82 87 21 77 81 153 163 176 86 95 185 179 166 194 113 103 89 127 165 187 97 141 91 61 36 142 78 175 162 80 190 193 117 198 156 1 16 27 
40,50690,39 0 35 109 29 189 155 15 3 70 161 145 13 132 169 188 6 147 191 90 121 51 134 43 195 168 11 139 182 138 33 56 104 8 21 87 82 177 5 45 142 78 175 61 36 91 141 97 77 146 187 165 127 89 103 137 114 26 113 194 166 172 179 185 99 130 22 66 94 47 148 60 20 59 28 149 4 140 183 152 170 34 55 18 62 124 143 159 106 128 95 86 176 180 163 153 81 111 144 160 
41,56839,40 40 100 63 102 32 135 122 90 191 125 131 38 27 16 1 156 198 117 193 80 190 162 175 78 142 36 61 91 141 97 187 127 89 163 153 81 77 21 87 82 8 56 144 111 0 35 109 29 160 33 49 11 43 134 6 188 169 132 13 161 70 3 15 145 195 168 139 182 138 104 25 177 5 45 136 31 54 164 73 151 19 112 121 116 118 74 98 51 120 71 147 115 178 10 133 44 72 17 107 
42,50734,41 111 81 153 163 180 176 86 95 128 106 159 143 124 62 18 55 34 170 152 183 140 4 149 28 59 20 60 148 47 94 66 22 130 99 185 179 172 166 194 113 26 114 137 103 89 127 165 187 146 77 97 141 91 36 61 175 78 142 45 5 177 82 87 21 8 56 104 138 182 139 168 195 145 15 3 70 161 13 132 169 188 6 147 191 90 131 121 51 134 43 11 49 33 160 144 0 29 109 35 
43,49094,42 42 80 190 162 175 78 142 36 61 91 141 97 187 165 127 89 103 113 194 166 179 185 99 130 66 94 47 148 60 20 28 149 4 140 183 152 170 34 55 18 62 124 106 128 95 86 176 163 153 81 77 21 87 82 8 56 144 111 0 35 109 29 160 33 49 11 43 134 147 6 188 169 132 13 161 70 3 15 145 195 168 139 182 138 104 25 177 5 45 136 193 31 164 73 54 117 198 1 156 
44,50178,43 43 168 195 145 15 3 70 161 13 132 169 188 6 147 191 90 131 121 51 134 139 182 138 33 160 144 56 104 8 21 87 82 177 5 45 142 78 175 61 36 91 141 97 77 146 187 165 127 89 103 137 114 26 113 194 166 172 179 185 99 130 22 66 94 47 148 60 20 59 28 149 4 140 183 152 170 34 55 18 62 124 143 159 106 128 95 86 176 180 163 153 81 111 0 35 109 29 49 11 
45,52997,44 122 100 107 40 63 102 135 38 27 16 1 156 198 117 193 80 190 162 175 78 142 36 61 91 141 97 187 165 127 89 103 113 194 166 179 185 99 130 95 86 176 163 153 81 77 21 87 82 8 56 144 111 0 35 109 29 160 33 49 11 43 134 6 188 169 132 13 161 70 3 15 145 195 168 139 182 138 104 25 177 5 45 136 31 164 73 54 151 131 121 51 125 191 90 71 147 178 10 133 
46,49362,45 45 5 177 25 104 138 182 139 168 195 145 15 3 70 161 13 132 169 188 6 147 191 90 178 10 133 122 100 107 40 63 135 131 121 51 98 118 74 134 43 11 49 33 160 29 109 35 0 111 144 56 8 82 87 21 77 81 153 163 176 86 95 128 106 124 62 18 55 34 170 152 183 140 28 20 60 148 47 94 130 99 185 179 166 194 113 103 89 127 165 187 97 141 91 61 36 78 175 142 
47,51188,46 80 190 193 198 117 54 31 164 73 136 45 5 177 25 104 138 182 139 168 195 145 15 3 70 161 13 132 169 188 6 147 191 90 178 10 133 122 100 107 40 63 135 131 121 51 98 118 74 134 43 11 49 33 160 29 109 35 0 111 144 56 8 82 87 21 77 81 153 163 176 86 95 124 62 18 55 183 140 130 99 185 179 166 194 113 103 89 127 165 187 97 141 91 61 36 142 78 175 162 
48,51678,47 47 154 94 66 148 99 22 179 172 52 185 166 194 113 26 103 114 137 127 165 89 163 187 146 97 141 91 36 61 175 78 142 45 5 177 21 87 104 138 182 139 168 195 145 15 3 70 161 13 132 169 188 6 147 134 43 11 33 160 29 109 35 0 111 144 56 8 82 77 81 153 180 176 106 159 143 124 62 18 34 55 83 128 86 95 130 9 199 183 140 170 152 53 4 149 28 59 20 60 
49,51923,48 48 166 52 172 179 185 99 130 22 66 94 154 47 148 60 20 59 28 149 4 199 140 183 152 170 34 55 18 83 62 124 143 159 106 128 95 86 176 180 153 81 77 82 8 56 144 111 0 35 109 29 160 33 49 11 43 134 147 6 188 169 132 13 161 70 3 15 145 195 168 139 182 138 104 87 21 177 5 45 142 78 175 61 36 91 141 97 146 187 163 89 165 127 137 114 103 26 113 194 
50,50259,49 49 29 109 35 0 111 81 153 163 180 176 86 95 128 106 159 143 124 62 18 55 34 170 152 183 140 4 149 28 59 20 60 148 47 94 66 22 130 99 185 179 172 166 194 113 26 114 137 103 89 127 165 187 146 77 97 141 91 36 61 175 78 142 45 5 177 82 87 21 8 104 56 144 160 33 138 182 139 168 195 145 15 3 70 161 13 132 169 188 6 147 191 90 131 121 51 134 43 11 
51,50735,50 77 141 97 146 187 165 127 89 103 137 114 26 113 194 166 172 179 185 99 130 22 66 94 47 148 60 20 59 28 149 4 140 183 152 170 34 55 18 62 124 143 159 106 128 95 86 176 180 163 153 81 111 35 109 0 29 160 33 49 11 43 134 51 121 131 90 191 147 6 188 169 132 13 161 70 3 15 145 195 168 139 182 138 104 56 144 8 177 5 45 142 78 175 36 61 91 21 87 82 
52,52426,51 51 125 191 90 71 147 178 10 133 122 100 107 40 63 102 135 38 27 16 1 156 198 117 193 80 190 162 175 78 142 36 61 91 141 97 187 165 127 89 103 113 194 166 179 185 99 130 95 86 176 163 153 81 77 21 87 82 8 56 144 111 0 35 109 29 160 33 49 11 43 134 6 188 169 132 13 161 70 3 15 145 195 168 139 182 138 104 25 177 5 45 136 31 164 73 54 151 131 121 
53,51365,52 52 172 179 185 99 130 22 66 94 154 47 148 60 20 59 28 149 4 199 140 183 152 170 34 55 18 83 62 124 143 159 106 128 95 86 176 180 153 81 77 82 8 56 144 111 0 35 109 29 160 33 49 11 43 134 90 147 6 188 169 132 13 161 70 3 15 145 195 168 139 182 138 104 87 21 177 5 45 142 78 175 61 36 91 141 97 146 187 163 89 165 127 137 114 103 26 113 194 166 
54,51344,53 53 140 183 95 130 99 22 9 199 4 149 28 59 20 60 148 47 154 94 66 57 172 52 179 185 86 166 194 113 26 103 114 137 127 165 89 163 187 146 97 141 91 36 61 175 78 142 45 5 177 21 104 138 182 139 168 195 145 15 3 70 161 13 132 169 188 6 147 134 43 11 33 160 29 109 35 0 111 144 56 8 82 77 81 153 180 176 106 159 143 124 128 62 83 18 55 34 170 152 
55,50599,54 54 73 164 31 136 45 5 177 25 104 138 182 139 168 195 145 15 3 70 161 13 132 169 188 6 147 191 90 178 10 133 122 100 107 40 63 135 131 121 51 98 118 74 134 43 11 49 33 160 29 109 35 0 111 144 56 8 82 87 21 77 81 153 163 176 86 95 124 62 18 55 183 140 130 99 185 179 166 194 113 103 89 127 165 187 97 141 91 61 36 142 78 175 162 80 190 193 198 117 
56,51607,55 55 18 109 29 189 155 15 3 70 161 145 13 132 169 188 6 147 134 43 195 168 11 139 182 138 33 160 144 56 104 8 177 5 45 142 78 175 36 61 91 21 87 82 111 0 35 143 159 106 124 128 86 176 180 153 81 77 141 97 146 187 163 89 165 127 137 114 103 26 113 194 166 52 172 179 185 22 99 130 95 183 140 199 9 66 94 47 148 60 20 59 28 149 4 152 170 83 62 34 
57,50565,56 56 8 82 87 21 77 81 153 163 180 176 86 95 128 106 159 143 124 62 18 55 34 170 152 183 140 4 149 28 59 20 60 148 47 94 66 22 130 99 185 179 172 166 194 113 26 114 137 103 89 127 165 187 146 97 141 91 61 36 175 78 142 45 5 177 25 104 138 182 139 168 195 145 15 3 70 161 13 132 169 188 6 147 191 90 121 51 134 43 11 49 33 29 109 35 0 111 160 144 
58,50907,57 57 172 179 52 166 194 113 26 103 114 137 127 165 89 163 187 146 97 141 91 36 61 175 78 142 45 5 177 21 87 104 138 182 139 168 195 145 15 3 70 161 13 132 169 188 6 147 134 43 11 49 33 160 29 109 35 0 111 144 56 8 82 77 81 153 180 176 86 185 22 99 130 95 128 106 159 143 124 62 83 18 55 34 170 152 183 140 199 4 149 28 59 20 60 148 47 154 94 66 
59,50360,58 77 81 153 163 180 176 86 95 128 106 159 143 124 62 18 55 34 170 152 183 140 4 149 28 59 20 60 148 47 94 66 22 130 99 185 179 172 166 194 113 26 114 137 103 89 127 165 187 146 97 141 91 36 61 175 78 142 45 5 177 21 87 82 8 144 56 104 138 182 139 168 195 145 15 3 70 161 13 132 169 188 6 147 191 90 131 121 51 134 43 11 49 33 160 29 0 109 35 111 
60,51861,59 59 20 60 148 47 154 94 66 57 172 52 179 22 99 185 166 194 113 26 103 114 137 127 165 89 163 187 146 97 141 91 36 61 175 78 142 45 5 177 21 104 138 182 139 168 195 145 15 3 70 161 13 132 169 188 6 147 134 43 11 33 160 29 109 35 0 111 144 56 8 82 77 81 153 180 176 106 159 143 124 62 18 34 55 83 128 86 95 130 9 199 183 140 170 152 53 4 149 28 
61,51665,60 60 20 59 28 149 4 53 152 170 140 183 199 9 130 95 86 128 83 55 34 18 62 124 143 159 106 176 180 153 81 77 82 8 56 144 111 0 35 109 29 160 33 11 43 134 147 6 188 169 132 13 161 70 3 15 145 195 168 139 182 138 104 87 21 177 5 45 142 78 175 61 36 91 141 97 146 187 163 89 165 127 137 114 103 26 113 194 166 185 52 172 179 22 99 148 47 66 94 154 
62,50203,61 61 36 141 97 77 146 187 165 127 89 103 137 114 26 113 194 166 172 179 185 99 130 22 66 94 47 148 60 20 59 28 149 4 140 183 152 170 34 55 18 62 124 143 159 106 128 95 86 176 180 163 153 81 82 8 56 144 111 0 35 109 29 160 33 49 11 43 134 51 121 131 90 191 147 6 188 169 132 13 161 70 3 15 145 195 168 139 182 138 104 87 21 177 5 45 142 78 175 91 
63,51369,62 62 83 170 152 4 149 28 59 20 60 148 47 94 66 9 199 140 183 95 130 99 22 185 179 172 52 166 194 113 26 103 114 137 127 165 89 163 187 146 97 141 77 81 153 180 176 86 128 124 106 159 143 35 0 111 82 87 21 91 61 36 175 78 142 45 5 177 8 104 56 144 160 33 138 182 139 11 168 195 43 134 147 6 188 169 132 13 145 161 70 3 15 155 189 29 109 18 55 34 
64,52106,63 63 40 107 100 122 133 10 178 147 71 90 191 125 51 121 131 151 54 73 164 31 136 45 5 177 25 104 138 182 139 168 195 145 15 3 70 161 13 132 169 188 6 134 43 11 49 33 160 29 109 35 0 111 144 56 8 82 87 21 77 81 153 163 176 86 95 130 99 185 179 166 194 113 103 89 127 165 187 97 141 91 61 36 142 78 175 162 80 190 193 117 198 156 1 16 27 38 135 102 
65,51588,64 86 95 128 106 159 143 124 62 83 18 55 34 170 152 183 140 199 4 149 28 59 20 60 148 47 154 94 66 22 130 99 185 179 172 52 166 194 113 26 103 114 137 127 165 89 163 187 146 97 141 91 36 61 175 78 142 45 5 177 21 87 104 138 182 139 168 195 145 15 3 70 161 13 132 169 188 6 147 90 134 43 11 49 33 160 29 109 35 0 111 144 56 8 82 77 81 153 180 176 
66,52484,65 132 13 161 70 3 155 184 152 170 140 183 130 99 22 185 9 199 4 149 28 59 20 60 148 47 94 66 179 172 52 166 194 113 26 103 114 137 127 165 89 163 180 176 86 95 83 55 18 62 128 124 106 159 143 35 0 111 81 153 187 146 77 97 141 91 36 61 175 78 142 45 5 177 82 87 21 8 104 56 144 160 33 138 182 139 11 49 29 109 34 189 15 145 195 168 126 169 6 188 
67,52016,66 66 148 99 22 179 172 52 185 166 194 113 26 103 114 137 127 165 89 163 187 146 97 141 91 36 61 175 78 142 45 5 177 21 87 104 138 182 139 168 195 145 15 3 70 161 13 132 169 188 6 147 134 43 11 33 160 29 109 35 0 111 144 56 8 82 77 81 153 180 176 106 159 143 124 62 18 34 55 83 128 86 95 130 9 199 183 140 170 152 53 4 149 28 59 20 60 47 154 94 
68,52887,67 51 121 131 151 54 73 164 31 136 45 5 177 25 104 138 182 139 168 195 145 15 3 70 161 13 132 169 188 6 134 43 11 49 33 160 29 109 35 0 111 144 56 8 82 87 21 77 81 153 163 176 86 95 183 130 99 185 179 166 194 113 103 89 127 165 187 97 141 91 61 36 142 78 175 162 80 190 193 117 198 156 1 16 27 38 135 102 63 40 107 100 122 133 10 178 147 71 90 191 
69,50807,68 81 153 163 180 176 86 95 128 106 159 143 124 62 18 55 34 170 152 183 140 4 149 28 59 20 60 148 47 94 66 22 130 99 185 179 172 166 194 113 26 114 137 103 89 127 165 187 146 77 97 141 91 36 61 175 78 142 45 5 177 82 87 21 8 144 56 104 138 182 139 168 195 145 15 3 70 161 13 132 169 188 6 147 191 90 131 121 51 134 43 11 49 33 160 29 0 109 35 111 
70,51001,69 109 35 0 111 81 153 163 180 176 86 95 128 106 159 143 124 62 18 55 34 170 152 183 140 4 149 28 59 20 60 148 47 94 66 22 130 99 185 179 172 166 194 113 26 114 137 103 89 127 165 187 146 77 97 141 91 36 61 175 78 142 45 5 177 82 87 21 8 104 56 144 160 33 138 182 139 11 168 195 43 134 51 121 90 191 147 6 188 169 132 13 145 161 70 3 15 155 189 29 
71,51554,70 70 3 155 184 152 170 140 183 130 99 22 185 9 199 4 149 28 59 20 60 148 47 94 66 179 172 52 166 194 113 26 103 114 137 127 165 89 163 180 176 86 95 83 55 18 62 128 124 106 159 143 35 0 111 81 153 187 146 77 97 141 91 36 61 175 78 142 45 5 177 82 87 21 8 104 56 144 160 33 138 182 139 11 49 29 109 34 189 15 145 195 168 126 13 132 169 6 188 161 
72,52738,71 71 51 121 131 151 54 73 164 31 136 45 5 177 25 104 138 182 139 168 195 145 15 3 70 161 13 132 169 188 6 134 43 11 49 33 160 29 109 35 0 111 144 56 8 82 87 21 77 81 153 163 176 86 95 183 130 99 185 179 166 194 113 103 89 127 165 187 97 141 91 61 36 142 78 175 162 80 190 193 117 198 156 1 16 27 38 135 102 63 40 107 100 122 133 10 178 147 90 191 
73,57355,72 72 44 133 10 178 115 147 71 120 51 98 74 118 116 121 112 19 151 73 164 54 31 136 45 5 177 25 104 138 182 139 168 195 145 15 3 70 161 13 132 169 188 6 134 43 11 49 33 160 29 109 35 0 111 144 56 8 82 87 21 77 81 153 163 89 127 187 97 141 91 61 36 142 78 175 162 80 190 193 117 198 156 1 16 27 38 131 125 191 90 122 135 32 102 63 100 40 107 17 
74,50788,73 73 164 31 136 45 5 177 25 104 138 182 139 168 195 145 15 3 70 161 13 132 169 188 6 147 191 90 178 10 133 122 100 107 40 63 135 131 121 51 98 118 74 134 43 11 49 33 160 29 109 35 0 111 144 56 8 82 87 21 77 81 153 163 176 86 95 124 62 18 55 183 140 130 99 185 179 166 194 113 103 89 127 165 187 97 141 91 61 36 142 78 175 162 80 190 193 198 117 54 
75,53527,74 74 98 51 125 191 90 71 147 178 10 133 122 100 107 40 63 102 135 38 27 16 1 156 198 117 193 80 190 162 175 78 142 36 61 91 141 97 187 165 127 89 103 113 194 166 179 185 86 176 163 153 81 77 21 87 82 8 56 144 111 0 35 109 29 160 33 49 11 43 134 6 188 169 132 13 161 70 3 15 145 195 168 139 182 138 104 25 177 5 45 136 31 164 73 54 151 131 121 118 
76,51650,75 75 137 114 127 165 89 187 146 97 141 91 36 61 175 78 142 45 5 177 21 87 104 138 182 139 168 195 145 15 3 70 161 13 132 169 188 6 147 134 43 11 33 160 29 109 35 0 111 144 56 8 82 77 81 153 163 103 26 113 180 176 194 86 95 128 106 159 143 124 62 83 18 55 34 170 152 183 140 199 4 149 28 59 20 60 148 47 154 94 66 22 130 99 185 179 172 52 166 76 
77,51596,76 76 114 137 127 165 89 187 146 97 141 91 36 61 175 78 142 45 5 177 21 87 104 138 182 139 168 195 145 15 3 70 161 13 132 169 188 6 147 134 43 11 49 33 160 29 109 35 0 111 144 56 8 82 77 81 153 163 103 26 113 180 176 194 86 95 128 106 159 143 124 62 83 18 55 34 170 152 183 140 199 4 149 28 59 20 60 148 47 154 94 66 22 130 99 185 179 172 52 166 
78,50663,77 77 81 153 163 180 176 86 95 128 106 159 143 124 62 83 18 55 34 170 152 183 140 199 4 149 28 59 20 60 148 47 154 94 66 22 130 99 185 179 172 52 166 194 113 26 114 137 103 89 127 165 187 146 97 141 91 36 61 175 78 142 45 5 177 21 87 104 138 182 139 168 195 145 15 3 70 161 13 132 169 188 6 147 90 134 43 11 49 33 160 29 109 35 0 111 144 56 8 82 
79,50079,78 78 36 61 91 141 97 146 187 165 127 89 103 137 114 26 113 194 166 172 179 185 99 130 22 66 94 47 148 60 20 59 28 149 4 140 183 152 170 34 55 18 62 124 143 159 106 128 95 86 176 180 163 153 81 77 21 87 82 8 56 144 111 0 35 109 29 160 33 49 11 43 134 51 121 90 191 147 6 188 169 132 13 161 70 3 15 145 195 168 139 182 138 104 25 177 5 45 142 175 
80,50674,79 91 175 78 142 45 5 177 21 87 104 138 182 139 168 195 145 15 3 70 161 13 132 169 188 6 147 191 90 131 121 51 134 43 11 49 33 160 29 109 35 0 111 144 56 8 82 81 153 163 180 176 86 95 128 106 159 143 124 62 18 55 34 170 152 183 140 4 149 28 59 20 60 148 47 94 66 22 130 99 185 179 172 166 194 113 26 114 137 103 89 127 165 187 146 77 97 141 36 61 
81,48297,80 80 162 175 78 142 36 61 91 141 97 187 165 127 89 103 114 113 194 166 179 185 99 130 22 66 94 47 148 60 20 28 149 4 140 183 152 170 34 55 18 62 124 106 128 95 86 176 180 163 153 81 77 21 87 82 8 56 144 111 0 35 109 29 160 33 49 11 43 134 147 6 188 169 132 13 161 70 3 15 145 195 168 139 182 138 104 25 177 5 45 136 73 164 31 54 117 198 193 190 
82,50961,81 81 77 82 8 56 144 111 0 35 109 29 160 33 49 11 43 134 90 147 6 188 169 132 13 161 70 3 15 145 195 168 139 182 138 104 87 21 177 5 45 142 78 175 61 36 91 141 97 146 187 165 127 89 103 137 114 26 113 194 166 52 172 179 185 99 130 22 66 94 154 47 148 60 20 59 28 149 4 199 140 183 152 170 34 55 18 83 62 124 143 159 106 128 95 86 176 180 163 153 
83,49246,82 82 8 56 144 111 0 35 109 29 160 33 49 11 43 134 74 118 98 51 121 131 135 63 40 107 100 122 133 10 178 90 191 147 6 188 169 132 13 161 70 3 15 145 195 168 139 182 138 104 25 177 5 45 142 78 175 36 61 91 141 97 187 165 127 89 103 113 194 166 179 185 99 130 94 47 148 60 20 28 140 183 152 170 34 55 18 62 124 106 128 95 86 176 163 153 81 77 21 87 
84,51664,83 83 55 34 18 62 143 159 106 124 128 86 176 180 153 81 77 82 8 56 144 111 0 35 109 29 160 33 11 43 134 147 6 188 169 132 13 161 70 3 15 145 195 168 139 182 138 104 87 21 177 5 45 142 78 175 61 36 91 141 97 146 187 163 89 165 127 137 114 103 26 113 194 166 52 172 179 185 22 99 130 95 183 140 199 9 66 94 154 47 148 60 20 59 28 149 4 53 152 170 
85,50451,84 155 189 13 132 169 188 6 147 191 90 131 121 51 134 43 139 11 182 138 33 160 144 56 104 8 21 87 82 177 5 45 142 78 175 61 36 91 141 97 77 146 187 165 127 89 103 137 114 26 113 194 166 172 179 185 99 130 22 66 94 47 148 60 20 59 28 149 4 140 183 152 170 34 55 18 62 124 143 159 106 128 95 86 176 180 163 153 81 111 0 35 109 29 168 195 145 15 3 70 
86,49001,85 134 139 11 182 138 33 160 144 56 104 8 21 87 82 177 5 45 142 78 175 61 36 91 141 97 77 146 187 165 127 89 103 137 114 113 194 166 172 179 185 99 130 22 66 94 47 148 60 20 28 149 4 140 183 152 170 34 55 18 62 124 143 106 128 95 86 176 180 163 153 81 111 0 35 109 29 168 195 145 15 3 70 161 13 132 169 188 6 147 191 90 10 133 122 63 135 131 121 51 
87,50625,86 86 95 128 106 159 143 124 62 83 18 55 34 170 152 183 140 199 4 149 28 59 20 60 148 47 154 94 66 22 130 99 185 179 172 52 166 194 113 26 103 114 137 127 165 89 163 187 146 97 141 91 36 61 175 78 142 45 5 177 21 87 104 138 182 139 168 195 145 15 3 70 161 13 132 169 188 6 147 90 134 43 11 49 33 160 29 109 35 0 111 144 56 8 82 77 81 153 180 176 
88,49577,87 87 82 8 56 144 111 0 35 109 29 160 33 49 11 43 134 74 118 98 51 121 131 135 63 40 107 100 122 133 10 178 90 191 147 6 188 169 132 13 161 70 3 15 145 195 168 139 182 138 104 25 177 5 45 142 78 175 36 61 91 141 97 187 165 127 89 103 113 194 166 179 185 99 130 94 47 148 60 20 28 140 183 152 170 34 55 18 62 124 106 128 95 86 176 163 153 81 77 21 
89,51490,88 86 95 128 106 159 143 124 62 83 18 55 34 170 152 183 140 199 4 149 28 59 20 60 148 47 154 94 66 22 130 99 185 179 172 52 166 194 113 26 103 114 137 127 165 89 163 187 146 97 141 91 36 61 175 78 142 45 5 177 21 87 104 138 182 139 168 195 145 15 3 70 161 13 132 169 188 6 147 90 134 43 11 49 33 160 29 109 35 0 111 144 56 8 82 77 81 153 180 176 
90,50901,89 89 165 127 137 114 103 26 113 194 166 52 172 179 185 99 130 22 66 94 154 47 148 60 20 59 28 149 4 199 140 183 152 170 34 55 18 83 62 124 143 159 106 128 95 86 176 180 153 81 77 82 8 56 144 111 0 35 109 29 160 33 49 11 43 134 90 147 6 188 169 132 13 161 70 3 15 145 195 168 139 182 138 104 87 21 177 5 45 142 78 175 61 36 91 141 97 146 187 163 
91,52211,90 90 71 147 178 10 133 122 100 107 40 63 102 135 38 27 16 1 156 198 117 193 80 190 162 175 78 142 36 61 91 141 97 187 165 127 89 103 113 194 166 179 185 99 130 95 86 176 163 153 81 77 21 87 82 8 56 144 111 0 35 109 29 160 33 49 11 43 134 6 188 169 132 13 161 70 3 15 145 195 168 139 182 138 104 25 177 5 45 136 31 164 73 54 151 131 121 51 125 191 
92,50413,91 91 175 78 142 45 5 177 21 87 104 138 182 139 168 195 145 15 3 70 161 13 132 169 188 6 147 191 90 131 121 51 134 43 11 49 33 160 29 109 35 0 111 144 56 8 82 81 153 163 180 176 86 95 128 106 159 143 124 62 18 55 34 170 152 183 140 4 149 28 59 20 60 148 47 94 66 22 130 99 185 179 172 166 194 113 26 114 137 103 89 127 165 187 146 77 97 141 36 61 
93,53062,92 63 40 107 100 122 133 10 178 147 71 90 191 125 51 121 131 151 54 73 164 31 136 45 5 177 25 104 138 182 139 168 195 145 15 3 70 161 13 132 169 188 6 134 43 11 49 33 160 29 109 35 0 111 144 56 8 82 87 21 77 81 153 163 176 86 95 130 99 185 179 166 194 113 103 89 127 165 187 97 141 91 61 36 142 78 175 162 80 190 193 117 198 156 1 16 27 38 135 102 
94,52308,93 75 114 137 127 165 89 187 146 97 141 91 36 61 175 78 142 45 5 177 21 87 104 138 182 139 168 195 145 15 3 70 161 13 132 169 188 6 147 134 43 11 33 160 29 109 35 0 111 144 56 8 82 77 81 153 163 103 26 113 180 176 194 86 95 128 106 159 143 124 62 83 18 55 34 170 152 183 140 199 4 149 28 59 20 60 148 47 154 94 66 22 130 99 185 179 172 52 166 76 
95,51612,94 94 154 47 60 20 59 28 149 4 53 152 170 140 183 199 9 130 95 86 128 83 55 34 18 62 124 143 159 106 176 180 153 81 77 82 8 56 144 111 0 35 109 29 160 33 11 43 134 147 6 188 169 132 13 161 70 3 15 145 195 168 139 182 138 104 87 21 177 5 45 142 78 175 61 36 91 141 97 146 187 163 89 165 127 137 114 103 26 113 194 166 185 52 172 179 22 99 148 66 
96,50861,95 95 86 176 180 153 81 77 82 8 56 144 111 0 35 109 29 160 33 49 11 43 134 90 147 6 188 169 132 13 161 70 3 15 145 195 168 139 182 138 104 87 21 177 5 45 142 78 175 61 36 91 141 97 146 187 163 89 165 127 137 114 103 26 113 194 166 52 172 179 185 99 130 22 66 94 154 47 148 60 20 59 28 149 4 199 140 183 152 170 34 55 18 83 62 124 143 159 106 128 
97,52730,96 63 40 107 100 122 133 10 178 147 71 90 191 125 51 121 131 151 54 73 164 31 136 45 5 177 25 104 138 182 139 168 195 145 15 3 70 161 13 132 169 188 6 134 43 11 49 33 160 29 109 35 0 111 144 56 8 82 87 21 77 81 153 163 176 86 95 183 130 99 185 179 166 194 113 103 89 127 165 187 97 141 91 61 36 142 78 175 162 80 190 193 117 198 156 1 16 27 38 135 
98,51186,97 97 146 187 165 127 89 103 137 114 26 113 194 166 52 172 179 185 99 130 22 66 94 154 47 148 60 20 59 28 149 4 199 140 183 152 170 34 55 18 83 62 124 143 159 106 128 95 86 176 180 163 153 81 77 82 8 56 144 111 0 35 109 29 160 33 49 11 43 134 90 147 6 188 169 132 13 161 70 3 15 145 195 168 139 182 138 104 87 21 177 5 45 142 78 175 61 36 91 141 
99,53281,98 98 51 125 191 90 71 147 178 10 133 122 100 107 40 63 102 135 38 27 16 1 156 198 117 193 80 190 162 175 78 142 36 61 91 141 97 187 165 127 89 103 113 194 166 179 185 95 86 176 163 153 81 77 21 87 82 8 56 144 111 0 35 109 29 160 33 49 11 43 134 6 188 169 132 13 161 70 3 15 145 195 168 139 182 138 104 25 177 5 45 136 31 164 73 54 151 131 121 118 
100,51228,99 99 130 66 94 154 47 148 60 20 59 28 149 4 199 140 183 152 170 34 55 18 83 62 124 143 159 106 128 95 86 176 180 153 81 77 82 8 56 144 111 0 35 109 29 160 33 49 11 43 134 90 147 6 188 169 132 13 161 70 3 15 145 195 168 139 182 138 104 87 21 177 5 45 142 78 175 61 36 91 141 97 146 187 163 89 165 127 137 114 103 26 113 194 166 185 52 172 179 22 
101,56908,100 100 72 44 133 10 178 115 147 71 120 51 98 74 118 116 121 112 19 151 73 164 54 31 136 45 5 177 25 104 138 182 139 168 195 145 15 3 70 161 13 132 169 188 6 134 43 11 49 33 160 29 109 35 0 111 144 56 8 82 87 21 77 81 153 163 103 89 127 187 97 141 91 61 36 142 78 175 162 80 190 193 117 198 156 1 16 27 38 131 125 191 90 122 135 32 102 63 40 107 
102,52020,101 149 4 53 152 170 140 183 199 9 130 95 86 128 83 55 34 18 62 124 143 159 106 176 180 153 81 77 82 8 56 144 111 0 35 109 29 160 33 11 43 134 147 6 188 169 132 13 161 70 3 15 145 195 168 139 182 138 104 21 177 5 45 142 78 175 61 36 91 141 97 146 187 163 89 165 127 137 114 103 26 113 194 166 185 99 22 179 52 172 57 66 94 154 47 148 60 20 59 28 
103,52782,102 102 63 40 107 100 122 133 10 178 147 71 90 191 125 51 121 131 151 54 73 164 31 136 45 5 177 25 104 138 182 139 168 195 145 15 3 70 161 13 132 169 188 6 134 43 11 49 33 160 29 109 35 0 111 144 56 8 82 87 21 77 81 153 163 176 86 95 130 99 185 179 166 194 113 103 89 127 165 187 97 141 91 61 36 142 78 175 162 80 190 193 117 198 156 1 16 27 38 135 
104,50900,103 103 26 113 194 166 52 172 179 185 99 130 22 66 94 154 47 148 60 20 59 28 149 4 199 140 183 152 170 34 55 18 83 62 124 143 159 106 128 95 86 176 180 153 81 77 82 8 56 144 111 0 35 109 29 160 33 49 11 43 134 90 147 6 188 169 132 13 161 70 3 15 145 195 168 139 182 138 104 87 21 177 5 45 142 78 175 61 36 91 141 97 146 187 163 89 165 127 137 114 
105,50020,104 104 56 144 8 21 87 82 177 5 45 142 78 175 61 36 91 141 97 77 146 187 165 127 89 103 137 114 26 113 194 166 172 179 185 99 130 22 66 94 47 148 60 20 59 28 149 4 140 183 152 170 34 55 18 62 124 143 159 106 128 95 86 176 180 163 153 81 111 0 35 109 29 160 33 49 11 43 134 51 121 131 90 191 147 6 188 169 132 13 161 70 3 15 145 195 168 139 182 138 
106,54470,105 136 73 164 31 54 117 151 19 112 121 131 125 51 191 90 71 147 115 178 10 133 122 72 100 107 40 63 102 32 135 38 27 16 1 156 198 193 45 5 177 25 104 138 182 139 168 195 145 15 3 70 161 13 132 169 188 6 134 43 11 49 33 160 29 109 35 0 111 144 56 8 82 87 21 77 81 153 163 176 86 185 166 194 113 103 89 127 187 97 141 91 61 36 142 78 175 162 80 190 
107,51386,106 106 159 143 35 0 111 82 87 21 91 61 36 175 78 142 45 5 177 8 104 56 144 160 33 138 182 139 11 168 195 43 134 147 6 188 169 132 13 145 161 70 3 15 155 189 29 109 18 55 34 62 83 170 152 4 149 28 59 20 60 148 47 94 66 9 199 140 183 95 130 99 22 185 179 172 52 166 194 113 26 103 114 137 127 165 89 163 187 146 97 141 77 81 153 180 176 86 128 124 
108,57043,107 107 40 100 63 102 32 135 122 90 191 125 131 38 27 16 1 156 198 117 193 80 190 162 175 78 142 36 61 91 141 97 187 127 89 163 153 81 77 21 87 82 8 56 144 111 0 35 109 29 160 33 49 11 43 134 6 188 169 132 13 161 70 3 15 145 195 168 139 182 138 104 25 177 5 45 136 31 54 164 73 151 19 112 121 116 118 74 98 51 120 71 147 115 178 10 133 44 72 17 
109,49683,108 108 80 190 162 175 78 142 36 61 91 141 97 187 165 127 89 103 113 194 166 179 185 99 130 66 94 47 148 60 20 28 149 140 183 152 170 34 55 18 62 124 106 128 95 86 176 163 153 81 77 21 87 82 8 56 144 111 0 35 109 29 160 33 49 11 43 134 147 6 188 169 132 13 161 70 3 15 145 195 168 139 182 138 104 25 177 5 45 136 73 164 193 31 54 117 198 1 156 42 
110,49761,109 109 35 0 111 81 153 163 180 176 86 95 128 106 159 143 124 62 18 55 34 170 152 183 140 4 149 28 59 20 60 148 47 94 66 22 130 99 185 179 172 166 194 113 26 114 137 103 89 127 165 187 146 77 97 141 91 36 61 175 78 142 45 5 177 82 87 21 8 104 56 144 160 33 138 182 139 11 168 195 43 134 51 121 90 191 147 6 188 169 132 13 145 161 70 3 15 155 189 29 
111,51614,110 86 176 180 153 81 77 82 8 56 144 111 0 35 109 29 160 33 11 43 134 147 6 188 169 132 13 161 70 3 15 145 195 168 139 182 138 104 87 21 177 5 45 142 78 175 61 36 91 141 97 146 187 163 89 165 127 137 114 103 26 113 194 166 52 172 179 185 22 99 130 95 183 140 199 9 66 94 154 47 148 60 20 59 28 149 4 53 152 170 34 55 18 83 62 124 143 159 106 128 
112,49879,111 111 35 109 0 29 160 33 49 11 43 134 51 121 131 90 191 147 6 188 169 132 13 161 70 3 15 145 195 168 139 182 138 104 56 144 8 21 87 82 177 5 45 142 78 175 61 36 91 141 97 77 146 187 165 127 89 103 137 114 26 113 194 166 172 179 185 99 130 22 66 94 47 148 60 20 59 28 149 4 140 183 152 170 34 55 18 62 124 143 159 106 128 95 86 176 180 163 153 81 
113,53082,112 112 19 151 73 164 54 31 136 45 5 177 25 104 138 182 139 168 195 145 15 3 70 161 13 132 169 188 6 134 43 11 49 33 160 29 109 35 0 111 144 56 8 82 87 21 77 81 153 163 176 86 95 185 179 166 194 113 103 89 127 165 187 97 141 91 61 36 142 78 175 162 80 190 193 117 198 156 1 16 27 38 135 102 63 40 107 100 122 133 10 178 147 71 90 191 51 125 131 121 
114,50661,113 113 26 103 114 137 127 165 89 163 187 146 97 141 91 36 61 175 78 142 45 5 177 21 87 104 138 182 139 168 195 145 15 3 70 161 13 132 169 188 6 147 90 134 43 11 49 33 160 29 109 35 0 111 144 56 8 82 77 81 153 180 176 86 95 128 106 159 143 124 62 83 18 55 34 170 152 183 140 199 4 149 28 59 20 60 148 47 154 94 66 22 130 99 185 179 172 52 166 194 
115,50888,114 114 137 127 165 89 187 146 97 141 91 36 61 175 78 142 45 5 177 21 87 104 138 182 139 168 195 145 15 3 70 161 13 132 169 188 6 147 90 134 43 11 49 33 160 29 109 35 0 111 144 56 8 82 77 81 153 163 103 26 113 180 176 86 95 128 106 159 143 124 62 83 18 55 34 170 152 183 140 199 4 149 28 59 20 60 148 47 154 94 66 22 130 99 185 179 172 52 166 194 
116,52676,115 10 133 122 100 107 40 63 102 135 38 27 16 1 156 198 117 193 80 190 162 175 78 142 36 61 91 141 97 187 165 127 89 103 113 194 166 179 185 99 130 183 95 86 176 163 153 81 77 21 87 82 8 56 144 111 0 35 109 29 160 33 49 11 43 134 6 188 169 132 13 161 70 3 15 145 195 168 139 182 138 104 25 177 5 45 136 31 164 73 54 151 131 121 51 125 90 191 71 147 
117,52981,116 51 125 191 90 71 147 178 10 133 122 100 107 40 63 102 135 38 27 16 1 156 198 117 193 80 190 162 175 78 142 36 61 91 141 97 187 165 127 89 103 113 194 166 179 185 99 130 95 86 176 163 153 81 77 21 87 82 8 56 144 111 0 35 109 29 160 33 49 11 43 134 6 188 169 132 13 161 70 3 15 145 195 168 139 182 138 104 25 177 5 45 136 31 164 73 54 151 131 121 
118,48323,117 117 198 193 80 190 162 175 78 142 36 61 91 141 97 187 165 127 89 103 114 113 194 166 179 185 99 130 22 66 94 47 148 60 20 28 149 4 140 183 152 170 34 55 18 62 124 106 128 95 86 176 180 163 153 81 77 21 87 82 8 56 144 111 0 35 109 29 160 33 49 11 43 134 147 6 188 169 132 13 161 70 3 15 145 195 168 139 182 138 104 25 177 5 45 136 31 164 73 54 
119,53175,118 118 98 51 125 191 90 71 147 178 10 133 122 100 107 40 63 102 135 38 27 16 1 156 198 117 193 80 190 162 175 78 142 36 61 91 141 97 187 165 127 89 103 113 194 166 179 185 95 86 176 163 153 81 77 21 87 82 8 56 144 111 0 35 109 29 160 33 49 11 43 134 6 188 169 132 13 161 70 3 15 145 195 168 139 182 138 104 25 177 5 45 136 31 164 73 54 151 131 121 
120,51545,119 106 124 128 86 176 180 163 89 165 127 137 114 103 26 113 194 166 172 179 185 22 99 130 95 183 140 199 9 66 94 47 148 60 20 59 28 149 4 152 170 62 18 55 34 109 29 189 155 15 3 70 161 145 13 132 169 188 6 147 90 51 134 43 195 168 11 139 182 138 33 160 144 56 104 8 21 87 82 177 5 45 142 78 175 61 36 91 141 97 77 146 187 153 81 111 0 35 143 159 
121,52758,120 51 121 131 151 54 73 164 31 136 45 5 177 25 104 138 182 139 168 195 145 15 3 70 161 13 132 169 188 6 134 43 11 49 33 160 29 109 35 0 111 144 56 8 82 87 21 77 81 153 163 176 86 95 183 130 99 185 179 166 194 113 103 89 127 165 187 97 141 91 61 36 142 78 175 162 80 190 193 117 198 156 1 16 27 38 135 102 63 40 107 100 122 133 10 178 147 71 90 191 
122,52122,121 121 51 125 191 90 71 147 178 10 133 122 100 107 40 63 102 135 38 27 16 1 156 198 117 193 80 190 162 175 78 142 36 61 91 141 97 187 165 127 89 103 113 194 166 179 185 99 130 95 86 176 163 153 81 77 21 87 82 8 56 144 111 0 35 109 29 160 33 49 11 43 134 6 188 169 132 13 161 70 3 15 145 195 168 139 182 138 104 25 177 5 45 136 31 164 73 54 151 131 
123,52267,122 122 100 107 40 63 102 135 38 27 16 1 156 198 117 193 80 190 162 175 78 142 36 61 91 141 97 187 165 127 89 103 113 194 166 179 185 99 130 95 86 176 163 153 81 77 21 87 82 8 56 144 111 0 35 109 29 160 33 49 11 43 134 6 188 169 132 13 161 70 3 15 145 195 168 139 182 138 104 25 177 5 45 136 31 164 73 54 151 131 121 51 125 191 90 71 147 178 10 133 
124,50761,123 5 45 142 175 78 36 61 91 141 97 146 187 165 127 89 103 137 114 26 113 194 166 172 179 185 99 130 22 66 94 47 148 60 20 59 28 149 4 140 183 152 170 34 55 18 62 124 143 159 106 128 95 86 176 180 163 153 81 77 21 87 82 8 56 144 111 0 35 109 29 160 33 49 11 43 134 51 121 90 191 147 6 188 169 132 13 161 70 3 15 145 195 168 139 182 138 104 25 177 
125,51427,124 124 106 159 143 35 0 111 82 87 21 91 61 36 175 78 142 45 5 177 8 104 56 144 160 33 138 182 139 11 168 195 43 134 147 6 188 169 132 13 145 161 70 3 15 155 189 29 109 18 55 34 62 83 170 152 4 149 28 59 20 60 148 47 94 66 9 199 140 183 95 130 99 22 185 179 172 52 166 194 113 26 103 114 137 127 165 89 163 187 146 97 141 77 81 153 180 176 86 128 
126,52827,125 125 71 147 178 10 133 122 100 107 40 63 102 135 38 27 16 1 156 198 117 193 80 190 162 175 78 142 36 61 91 141 97 187 165 127 89 103 113 194 166 179 185 99 130 95 86 176 163 153 81 77 21 87 82 8 56 144 111 0 35 109 29 160 33 49 11 43 134 6 188 169 132 13 161 70 3 15 145 195 168 139 182 138 104 25 177 5 45 136 31 164 73 54 151 131 121 51 191 90 
127,50121,126 126 13 145 15 3 70 161 132 169 188 6 147 191 90 131 121 51 134 43 139 11 182 138 33 160 144 56 104 8 21 87 82 177 5 45 142 78 175 61 36 91 141 97 77 146 187 165 127 89 103 137 114 26 113 194 166 172 179 185 99 130 22 66 94 47 148 60 20 59 28 149 4 140 183 152 170 34 55 18 62 124 143 159 106 128 95 86 176 180 163 153 81 111 0 35 109 29 168 195 
128,50836,127 127 165 89 163 187 146 97 141 91 36 61 175 78 142 45 5 177 21 87 104 138 182 139 168 195 145 15 3 70 161 13 132 169 188 6 147 90 134 43 11 49 33 160 29 109 35 0 111 144 56 8 82 77 81 153 180 176 86 95 128 106 159 143 124 62 83 18 55 34 170 152 183 140 199 4 149 28 59 20 60 148 47 154 94 66 22 130 99 185 179 172 52 166 194 113 26 103 114 137 
129,51347,128 128 86 176 180 153 81 77 82 8 56 144 111 0 35 109 29 160 33 11 43 134 147 6 188 169 132 13 161 70 3 15 145 195 168 139 182 138 104 87 21 177 5 45 142 78 175 61 36 91 141 97 146 187 163 89 165 127 137 114 103 26 113 194 166 52 172 179 185 22 99 130 95 183 140 199 9 66 94 154 47 148 60 20 59 28 149 4 53 152 170 55 34 18 83 62 124 143 159 106 
130,51485,129 153 81 77 82 8 56 144 111 0 35 109 29 160 33 49 11 43 134 90 147 6 188 169 132 13 161 70 3 15 145 195 168 139 182 138 104 87 21 177 5 45 142 78 175 61 36 91 141 97 146 187 165 163 89 127 137 114 103 26 113 194 166 52 172 179 185 99 130 22 66 94 154 47 148 60 20 59 28 149 4 199 140 183 152 170 34 55 18 83 62 124 143 159 106 128 95 86 176 180 
131,51073,130 130 22 66 94 154 47 148 60 20 59 28 149 4 199 140 183 152 170 34 55 18 83 62 124 143 159 106 128 95 86 176 180 153 81 77 82 8 56 144 111 0 35 109 29 160 33 49 11 43 134 90 147 6 188 169 132 13 161 70 3 15 145 195 168 139 182 138 104 87 21 177 5 45 142 78 175 61 36 91 141 97 146 187 163 89 165 127 137 114 103 26 113 194 166 52 172 179 185 99 
132,52467,131 131 121 51 125 191 90 71 147 178 10 133 122 100 107 40 63 102 135 38 27 16 1 156 198 117 193 80 190 162 175 78 142 36 61 91 141 97 187 165 127 89 103 113 194 166 179 185 99 130 95 86 176 163 153 81 77 21 87 82 8 56 144 111 0 35 109 29 160 33 49 11 43 134 6 188 169 132 13 161 70 3 15 145 195 168 139 182 138 104 25 177 5 45 136 31 164 73 54 151 
133,49528,132 132 169 188 6 147 191 90 122 131 121 51 134 43 139 11 182 138 33 160 144 56 104 8 21 87 82 177 5 45 142 78 175 61 36 91 141 97 77 146 187 165 127 89 103 137 114 26 113 194 166 172 179 185 99 130 22 66 94 47 148 60 20 59 28 149 4 140 183 152 170 34 55 18 62 124 143 159 106 128 95 86 176 180 163 153 81 111 0 35 109 29 168 195 145 15 3 70 161 13 
134,52421,133 133 10 178 147 71 90 191 125 51 121 131 151 54 73 164 31 136 45 5 177 25 104 138 182 139 168 195 145 15 3 70 161 13 132 169 188 6 134 43 11 49 33 160 29 109 35 0 111 144 56 8 82 87 21 77 81 153 163 176 86 95 130 99 185 179 166 194 113 103 89 127 165 187 97 141 91 61 36 142 78 175 162 80 190 193 117 198 156 1 16 27 38 135 102 63 40 107 100 122 
135,49566,134 134 43 139 11 182 138 33 160 144 56 104 8 21 87 82 177 5 45 142 78 175 61 36 91 141 97 77 146 187 165 127 89 103 137 114 26 113 194 166 172 179 185 99 130 22 66 94 47 148 60 20 59 28 149 4 140 183 152 170 34 55 18 62 124 143 159 106 128 95 86 176 180 163 153 81 111 0 35 109 29 168 195 145 15 3 70 161 13 132 169 188 6 147 191 90 122 131 121 51 
136,52142,135 135 102 63 40 107 100 122 133 10 178 147 71 90 191 125 51 121 131 151 54 73 164 31 136 45 5 177 25 104 138 182 139 168 195 145 15 3 70 161 13 132 169 188 6 134 43 11 49 33 160 29 109 35 0 111 144 56 8 82 87 21 77 81 153 163 176 86 95 130 99 185 179 166 194 113 103 89 127 165 187 97 141 91 61 36 142 78 175 162 80 190 193 117 198 156 1 16 27 38 
137,50683,136 136 45 5 177 25 104 138 182 139 168 195 145 15 3 70 161 13 132 169 188 6 147 191 90 178 10 133 122 100 107 40 63 135 131 121 51 98 118 74 134 43 11 49 33 160 29 109 35 0 111 144 56 8 82 87 21 77 81 153 163 176 86 95 124 62 18 55 183 140 130 99 185 179 166 194 113 103 89 127 165 187 97 141 91 61 36 142 78 175 162 80 190 193 198 117 54 31 164 73 
138,50816,137 137 114 113 194 166 52 172 179 185 99 130 22 66 94 154 47 148 60 20 59 28 149 4 199 140 183 152 170 34 55 18 83 62 124 143 159 106 128 95 86 176 180 26 103 163 153 81 77 82 8 56 144 111 0 35 109 29 160 33 49 11 43 134 90 147 6 188 169 132 13 161 70 3 15 145 195 168 139 182 138 104 87 21 177 5 45 142 78 175 61 36 91 141 97 146 187 89 165 127 
139,49861,138 138 182 139 11 168 195 43 134 51 121 90 191 147 6 188 169 132 13 145 161 70 3 15 155 189 29 109 35 0 111 81 153 163 180 176 86 95 128 106 159 143 124 62 18 55 34 170 152 183 140 4 149 28 59 20 60 148 47 94 66 22 130 99 185 179 172 166 194 113 26 114 137 103 89 127 165 187 146 77 97 141 91 36 61 175 78 142 45 5 177 82 87 21 8 104 56 144 160 33 
140,49979,139 139 11 168 195 43 134 51 121 90 191 147 6 188 169 132 13 145 161 70 3 15 155 189 29 109 35 0 111 81 153 163 180 176 86 95 128 106 159 143 124 62 18 55 34 170 152 183 140 4 149 28 59 20 60 148 47 94 66 22 130 99 185 179 172 166 194 113 26 114 137 103 89 127 165 187 146 77 97 141 91 36 61 175 78 142 45 5 177 82 87 21 8 104 56 144 160 33 138 182 
141,50496,140 140 152 170 34 55 18 83 62 128 124 143 159 106 176 180 153 81 77 82 8 56 144 111 0 35 109 29 160 33 11 43 134 147 6 188 169 132 13 161 70 3 15 145 195 168 139 182 138 104 87 21 177 5 45 142 78 175 61 36 91 141 97 146 187 163 89 165 127 137 114 103 26 113 194 166 86 185 179 52 172 57 66 94 154 47 148 60 20 59 28 149 4 199 9 22 99 130 95 183 
142,49915,141 141 36 61 91 175 78 142 45 5 177 21 87 104 138 182 139 168 195 145 15 3 70 161 13 132 169 188 6 147 191 90 131 121 51 134 43 11 49 33 160 29 109 35 0 111 144 56 8 82 81 153 163 180 176 86 95 128 106 159 143 124 62 18 55 34 170 152 183 140 4 149 28 59 20 60 148 47 94 66 22 130 99 185 179 172 166 194 113 26 114 137 103 89 127 165 187 146 77 97 
143,49432,142 142 45 5 177 25 104 138 182 139 168 195 145 15 3 70 161 13 132 169 188 6 147 191 90 178 10 133 122 100 107 40 63 135 131 121 51 98 118 74 134 43 11 49 33 160 29 109 35 0 111 144 56 8 82 87 21 77 81 153 163 176 86 95 128 106 124 62 18 55 34 170 152 183 140 28 20 60 148 47 94 130 99 185 179 166 194 113 103 89 127 165 187 97 141 91 61 36 78 175 
144,50792,143 143 159 106 124 128 86 176 180 163 89 165 127 137 114 103 26 113 194 166 172 179 185 22 99 130 95 183 140 199 9 66 94 47 148 60 20 59 28 149 4 152 170 62 18 55 34 109 29 189 155 15 3 70 161 145 13 132 169 188 6 147 90 51 134 43 195 168 11 139 182 138 33 160 144 56 104 8 21 87 82 177 5 45 142 78 175 61 36 91 141 97 77 146 187 153 81 111 0 35 
145,50409,144 144 111 0 35 109 29 160 33 49 11 43 134 51 121 131 90 191 147 6 188 169 132 13 161 70 3 15 145 195 168 139 182 138 104 56 8 21 87 82 177 5 45 142 78 175 61 36 91 141 97 77 146 187 165 127 89 103 137 114 26 113 194 166 172 179 185 99 130 22 66 94 47 148 60 20 59 28 149 4 140 183 152 170 34 55 18 62 124 143 159 106 128 95 86 176 180 163 153 81 
146,51688,145 145 15 189 34 109 29 49 11 139 182 138 33 160 144 56 104 8 21 87 82 177 5 45 142 78 175 61 36 91 141 97 77 146 187 153 81 111 0 35 143 159 106 124 128 62 18 55 83 95 86 176 180 163 89 165 127 137 114 103 26 113 194 166 52 172 179 66 94 47 148 60 20 59 28 149 4 199 9 185 22 99 130 183 140 170 152 184 155 3 70 161 188 6 169 132 13 126 168 195 
147,51297,146 146 97 141 91 36 61 175 78 142 45 5 177 21 87 104 138 182 139 168 195 145 15 3 70 161 13 132 169 188 6 147 90 134 43 11 49 33 160 29 109 35 0 111 144 56 8 82 77 81 153 163 180 176 86 95 128 106 159 143 124 62 83 18 55 34 170 152 183 140 199 4 149 28 59 20 60 148 47 154 94 66 22 130 99 185 179 172 52 166 194 113 26 114 137 103 89 127 165 187 
148,50862,147 147 6 134 43 139 11 182 138 33 160 144 56 104 8 21 87 82 177 5 45 190 142 78 175 61 36 79 91 141 97 77 146 187 165 127 89 103 137 114 26 113 194 166 52 172 179 185 99 130 22 66 94 154 47 148 60 20 59 28 149 4 199 140 183 152 170 34 55 18 83 62 124 143 159 106 128 95 86 176 180 163 153 81 111 0 35 109 29 168 195 145 15 3 70 161 13 132 169 188 
149,51649,148 148 99 22 179 172 52 185 166 194 113 26 103 114 137 127 165 89 163 187 146 97 141 91 36 61 175 78 142 45 5 177 21 87 104 138 182 139 168 195 145 15 3 70 161 13 132 169 188 6 147 134 43 11 33 160 29 109 35 0 111 144 56 8 82 77 81 153 180 176 106 159 143 124 62 18 34 55 83 128 86 95 130 9 199 183 140 170 152 53 4 149 28 59 20 60 47 154 94 66 
150,51611,149 149 4 53 152 170 140 183 199 9 130 95 86 128 83 55 34 18 62 124 143 159 106 176 180 153 81 77 82 8 56 144 111 0 35 109 29 160 33 11 43 134 147 6 188 169 132 13 161 70 3 15 145 195 168 139 182 138 104 21 177 5 45 142 78 175 61 36 91 141 97 146 187 163 89 165 127 137 114 103 26 113 194 166 185 99 22 179 52 172 57 66 94 154 47 148 60 20 59 28 
151,51642,150 147 6 134 43 139 11 182 138 33 160 144 56 104 8 21 87 82 177 5 45 190 142 78 175 61 36 79 91 141 97 77 146 187 165 127 89 103 137 114 26 113 194 166 52 172 179 185 99 130 22 66 94 154 47 148 60 20 59 28 149 4 199 140 183 152 170 34 55 18 83 62 124 143 159 106 128 95 86 176 180 163 153 81 111 0 35 109 29 168 195 145 15 3 70 161 13 132 169 188 
152,53065,151 151 54 73 164 31 136 45 5 177 25 104 138 182 139 168 195 145 15 3 70 161 13 132 169 188 6 134 43 11 49 33 160 29 109 35 0 111 144 56 8 82 87 21 77 81 153 163 176 86 95 185 179 166 194 113 103 89 127 165 187 97 141 91 61 36 142 78 175 162 80 190 193 117 198 156 1 16 27 38 135 102 63 40 107 100 122 133 10 178 147 71 90 191 51 125 131 121 112 19 
153,50519,152 152 140 183 95 130 99 22 9 199 4 149 28 59 20 60 148 47 154 94 66 57 172 52 179 185 86 166 194 113 26 103 114 137 127 165 89 163 187 146 97 141 91 36 61 175 78 142 45 5 177 21 87 104 138 182 139 168 195 145 15 3 70 161 13 132 169 188 6 147 134 43 11 33 160 29 109 35 0 111 144 56 8 82 77 81 153 180 176 106 159 143 124 128 62 83 18 55 34 170 
154,50037,153 153 187 165 163 89 127 137 114 103 26 113 194 166 172 179 185 99 130 22 66 94 47 148 60 20 59 28 149 4 152 170 140 183 95 86 176 180 128 83 55 34 18 62 124 106 143 159 35 109 0 29 160 33 49 11 43 134 51 121 131 90 191 147 6 188 169 132 13 161 70 3 15 145 195 168 139 182 138 104 56 144 8 177 5 45 142 78 175 36 61 91 21 87 82 111 81 77 141 97 
155,52286,154 154 47 60 20 59 28 149 4 53 152 170 140 183 199 9 130 95 86 128 83 55 34 18 62 124 143 159 106 176 180 153 81 77 82 8 56 144 111 0 35 109 29 160 33 11 43 134 147 6 188 169 132 13 161 70 3 15 145 195 168 139 182 138 104 87 21 177 5 45 142 78 175 61 36 91 141 97 146 187 163 89 165 127 137 114 103 26 113 194 166 185 52 172 179 22 99 148 66 94 
156,49822,155 155 3 70 161 15 145 195 168 29 109 35 0 111 81 153 163 180 176 86 95 128 106 159 143 124 62 18 55 34 170 152 183 140 4 149 28 59 20 60 148 47 94 66 22 130 99 185 179 172 166 194 113 26 114 137 103 89 127 165 187 146 77 97 141 91 36 61 175 78 142 45 5 177 82 87 21 8 104 56 144 160 33 138 182 11 139 43 134 51 121 90 191 147 6 188 169 132 13 189 
157,52895,156 156 1 16 27 38 135 102 63 40 107 100 122 133 10 178 147 71 90 191 51 125 131 121 112 19 151 54 73 164 31 136 45 5 177 25 104 138 182 139 168 195 145 15 3 70 161 13 132 169 188 6 134 43 11 49 33 160 29 109 35 0 111 144 56 8 82 87 21 77 81 153 163 176 86 95 185 179 166 194 113 103 89 127 165 187 97 141 91 61 36 142 78 175 162 80 190 193 117 198 
158,50611,157 104 56 144 8 21 87 82 177 5 45 142 78 175 61 36 91 141 97 77 146 187 165 127 89 103 137 114 26 113 194 166 172 179 185 99 130 22 66 94 47 148 60 20 59 28 149 4 140 183 152 170 34 55 18 62 124 143 159 106 128 95 86 176 180 163 153 81 111 0 35 109 29 160 33 49 11 43 134 51 121 131 90 191 147 6 188 169 132 13 161 70 3 15 145 195 168 139 182 138 
159,49740,158 158 25 182 138 33 160 144 56 104 8 21 87 82 177 5 45 142 78 175 61 36 91 141 97 77 187 165 127 89 103 113 194 166 179 185 99 130 66 94 47 148 60 20 28 140 183 152 170 34 55 18 62 124 106 128 95 86 176 163 153 81 111 0 35 109 29 189 155 15 3 70 145 13 132 169 188 6 195 168 11 139 134 74 118 98 51 191 90 147 10 133 122 100 107 40 63 135 131 121 
160,51133,159 159 106 124 128 86 176 180 163 89 165 127 137 114 103 26 113 194 166 172 179 185 22 99 130 95 183 140 199 9 66 94 47 148 60 20 59 28 149 4 152 170 62 18 55 34 109 29 189 155 15 3 70 161 145 13 132 169 188 6 147 90 51 134 43 195 168 11 139 182 138 33 160 144 56 104 8 21 87 82 177 5 45 142 78 175 61 36 91 141 97 77 146 187 153 81 111 0 35 143 
161,50038,160 160 144 56 104 8 21 87 82 177 5 45 142 78 175 61 36 91 141 97 77 146 187 165 127 89 103 137 114 26 113 194 166 172 179 185 99 130 22 66 94 47 148 60 20 59 28 149 4 140 183 152 170 34 55 18 62 124 143 159 106 128 95 86 176 180 163 153 81 111 0 35 109 29 189 155 15 3 70 161 145 13 132 169 188 6 147 191 90 121 51 134 43 195 168 11 139 182 138 33 
162,52175,161 161 188 6 169 132 13 126 168 195 145 15 189 34 109 29 49 11 139 182 138 33 160 144 56 104 8 21 87 82 177 5 45 142 78 175 61 36 91 141 97 77 146 187 153 81 111 0 35 143 159 106 124 128 62 18 55 83 95 86 176 180 163 89 165 127 137 114 103 26 113 194 166 52 172 179 66 94 47 148 60 20 59 28 149 4 199 9 185 22 99 130 183 140 170 152 184 155 3 70 
163,50820,162 162 80 190 193 198 117 54 31 164 73 136 45 5 177 25 104 138 182 139 168 195 145 15 3 70 161 13 132 169 188 6 147 191 90 178 10 133 122 100 107 40 63 135 131 121 51 98 118 74 134 43 11 49 33 160 29 109 35 0 111 144 56 8 82 87 21 77 81 153 163 176 86 95 124 62 18 55 183 140 130 99 185 179 166 194 113 103 89 127 165 187 97 141 91 61 36 142 78 175 
164,50780,163 163 89 165 127 137 114 103 26 113 194 166 52 172 179 185 99 130 22 66 94 154 47 148 60 20 59 28 149 4 199 140 183 152 170 34 55 18 83 62 124 143 159 106 128 95 86 176 180 153 81 77 82 8 56 144 111 0 35 109 29 160 33 49 11 43 134 90 147 6 188 169 132 13 161 70 3 15 145 195 168 139 182 138 104 87 21 177 5 45 142 78 175 61 36 91 141 97 146 187 
165,50990,164 164 31 136 45 5 177 25 104 138 182 139 168 195 145 15 3 70 161 13 132 169 188 6 147 191 90 178 10 133 122 100 107 40 63 135 131 121 51 98 118 74 134 43 11 49 33 160 29 109 35 0 111 144 56 8 82 87 21 77 81 153 163 176 86 95 124 62 18 55 183 140 130 99 185 179 166 194 113 103 89 127 165 187 97 141 91 61 36 142 78 175 162 80 190 193 198 117 54 73 
166,51246,165 165 163 187 146 97 141 91 36 61 175 78 142 45 5 177 21 87 104 138 182 139 168 195 145 15 3 70 161 13 132 169 188 6 147 90 134 43 11 49 33 160 29 109 35 0 111 144 56 8 82 77 81 153 180 176 86 95 128 106 159 143 124 62 83 18 55 34 170 152 183 140 199 4 149 28 59 20 60 148 47 154 94 66 22 130 99 185 179 172 52 166 194 113 26 114 137 103 89 127 
167,50665,166 166 194 113 26 103 114 137 127 165 89 163 187 146 97 141 91 36 61 175 78 142 45 5 177 21 87 104 138 182 139 168 195 145 15 3 70 161 13 132 169 188 6 147 90 134 43 11 49 33 160 29 109 35 0 111 144 56 8 82 77 81 153 180 176 86 95 128 106 159 143 124 62 83 18 55 34 170 152 183 140 199 4 149 28 59 20 60 148 47 154 94 66 22 130 99 185 179 172 52 
168,50489,167 155 70 3 15 145 13 132 169 188 6 147 191 90 131 121 51 134 43 195 168 139 11 182 138 33 56 104 8 21 87 82 177 5 45 142 78 175 61 36 91 141 97 77 146 187 165 127 89 103 137 114 26 113 194 166 172 179 185 99 130 22 66 94 47 148 60 20 59 28 149 4 140 183 152 170 34 55 18 62 124 143 159 106 128 95 86 176 180 163 153 81 111 144 160 29 0 35 109 189 
169,49222,168 168 29 109 35 0 111 81 153 163 180 176 86 95 128 106 159 143 124 62 18 55 34 170 152 183 140 4 149 28 59 20 60 148 47 94 66 22 130 99 185 179 172 166 194 113 26 114 137 103 89 127 165 187 146 77 97 141 91 36 61 175 78 142 45 5 177 82 87 21 8 104 56 144 160 33 138 182 11 139 43 134 51 121 131 122 90 191 147 6 188 169 132 13 161 70 3 15 145 195 
170,49239,169 169 132 13 161 70 3 15 145 195 168 29 109 35 0 111 81 153 163 180 176 86 95 128 106 159 143 124 62 18 55 34 170 152 183 140 4 149 28 59 20 60 148 47 94 66 22 130 99 185 179 172 166 194 113 26 114 137 103 89 127 165 187 146 77 97 141 91 36 61 175 78 142 45 5 177 82 87 21 8 104 56 144 160 33 138 182 11 139 43 134 51 121 131 122 90 191 147 6 188 
171,51080,170 170 152 4 149 28 59 20 60 148 47 94 66 9 199 140 183 130 99 22 185 179 172 166 194 113 26 103 114 137 127 165 89 163 180 176 86 95 55 18 62 128 124 106 159 143 35 0 111 81 153 187 146 77 97 141 91 36 61 175 78 142 45 5 177 82 87 21 8 104 56 144 160 33 138 182 139 11 168 195 43 134 51 90 147 6 188 169 132 13 145 161 70 3 15 155 189 29 109 34 
172,50542,171 177 5 45 142 78 175 36 61 91 141 97 146 187 165 127 89 103 137 114 26 113 194 166 172 179 185 99 130 22 66 94 47 148 60 20 59 28 149 4 140 183 152 170 34 55 18 62 124 143 159 106 128 95 86 176 180 163 153 81 77 21 87 82 8 56 144 111 0 35 109 29 160 33 49 11 43 134 51 121 131 90 191 147 6 188 169 132 13 161 70 3 15 145 195 168 139 182 138 104 
173,51137,172 172 179 185 99 130 22 66 94 154 47 148 60 20 59 28 149 4 199 140 183 152 170 34 55 18 83 62 124 143 159 106 128 95 86 176 180 153 81 77 82 8 56 144 111 0 35 109 29 160 33 49 11 43 134 90 147 6 188 169 132 13 161 70 3 15 145 195 168 139 182 138 104 87 21 177 5 45 142 78 175 61 36 91 141 97 146 187 163 89 165 127 137 114 103 26 113 194 166 52 
174,51245,173 173 19 112 121 158 25 177 104 138 182 139 168 195 145 15 3 70 161 13 132 169 188 6 147 191 90 125 51 98 118 74 134 43 11 49 33 160 29 109 35 0 111 144 56 8 82 87 21 77 81 153 163 176 86 95 128 106 124 62 18 55 34 170 152 183 140 20 130 99 185 179 166 194 113 103 89 127 165 187 97 141 91 61 36 5 78 175 142 45 136 80 190 73 164 31 193 198 117 54 
175,51430,174 174 95 130 99 22 9 199 4 149 28 59 20 60 148 47 154 94 66 57 172 52 179 185 86 166 194 113 26 103 114 137 127 165 89 163 187 146 97 141 91 36 61 175 78 142 45 5 177 21 104 138 182 139 168 195 145 15 3 70 161 13 132 169 188 6 147 134 43 11 33 160 29 109 35 0 111 144 56 8 82 77 81 153 180 176 106 159 143 124 128 62 83 18 55 34 170 152 140 183 
176,48988,175 175 142 45 5 177 25 104 138 182 139 168 195 145 15 3 70 161 13 132 169 188 6 147 191 90 178 10 133 122 100 107 40 63 135 131 121 51 98 118 74 134 43 11 49 33 160 29 109 35 0 111 144 56 8 82 87 21 77 81 153 163 176 86 95 128 106 124 62 18 55 34 170 152 183 140 28 20 60 148 47 94 130 99 185 179 166 194 113 103 89 127 165 187 97 141 91 61 36 78 
177,50604,176 176 180 153 81 77 82 8 56 144 111 0 35 109 29 160 33 49 11 43 134 90 147 6 188 169 132 13 161 70 3 15 145 195 168 139 182 138 104 87 21 177 5 45 142 78 175 61 36 91 141 97 146 187 163 89 165 127 137 114 103 26 113 194 166 52 172 179 185 99 130 22 66 94 154 47 148 60 20 59 28 149 4 199 140 183 152 170 34 55 18 83 62 124 143 159 106 128 95 86 
178,49721,177 177 5 45 142 175 78 36 61 91 141 97 146 187 165 127 89 103 137 114 26 113 194 166 172 179 185 99 130 22 66 94 47 148 60 20 59 28 149 4 140 183 152 170 34 55 18 62 124 143 159 106 128 95 86 176 180 163 153 81 77 21 87 82 8 56 144 111 0 35 109 29 160 33 49 11 43 134 51 121 90 191 147 6 188 169 132 13 161 70 3 15 145 195 168 139 182 138 104 25 
179,52761,178 178 147 71 90 191 125 51 121 131 151 54 73 164 31 136 45 5 177 25 104 138 182 139 168 195 145 15 3 70 161 13 132 169 188 6 134 43 11 49 33 160 29 109 35 0 111 144 56 8 82 87 21 77 81 153 163 176 86 95 130 99 185 179 166 194 113 103 89 127 165 187 97 141 91 61 36 142 78 175 162 80 190 193 117 198 156 1 16 27 38 135 102 63 40 107 100 122 133 10 
180,50803,179 179 172 52 166 194 113 26 103 114 137 127 165 89 163 187 146 97 141 91 36 61 175 78 142 45 5 177 21 87 104 138 182 139 168 195 145 15 3 70 161 13 132 169 188 6 147 90 134 43 11 49 33 160 29 109 35 0 111 144 56 8 82 77 81 153 180 176 86 95 128 106 159 143 124 62 83 18 55 34 170 152 183 140 199 4 149 28 59 20 60 148 47 154 94 66 22 130 99 185 
181,51233,180 180 153 81 77 82 8 56 144 111 0 35 109 29 160 33 49 11 43 134 90 147 6 188 169 132 13 161 70 3 15 145 195 168 139 182 138 104 87 21 177 5 45 142 78 175 61 36 91 141 97 146 187 163 89 165 127 137 114 103 26 113 194 166 52 172 179 185 99 130 22 66 94 154 47 148 60 20 59 28 149 4 199 140 183 152 170 34 55 18 83 62 124 143 159 106 128 95 86 176 
182,51728,181 183 140 152 170 55 34 18 83 62 128 124 143 159 106 176 180 153 81 77 82 8 56 144 111 0 35 109 29 160 33 11 43 134 147 6 188 169 132 13 161 70 3 15 145 195 168 139 182 138 104 87 21 177 5 45 142 78 175 61 36 91 141 97 146 187 163 89 165 127 137 114 103 26 113 194 166 86 185 179 52 172 57 66 94 154 47 148 60 20 59 28 149 4 199 9 22 99 130 95 
183,50102,182 182 139 11 168 195 43 134 51 121 90 191 147 6 188 169 132 13 145 161 70 3 15 155 189 29 109 35 0 111 81 153 163 180 176 86 95 128 106 159 143 124 62 18 55 34 170 152 183 140 4 149 28 59 20 60 148 47 94 66 22 130 99 185 179 172 166 194 113 26 114 137 103 89 127 165 187 146 77 97 141 91 36 61 175 78 142 45 5 177 82 87 21 8 104 56 144 160 33 138 
184,50467,183 183 140 152 170 34 55 18 83 62 128 124 143 159 106 176 180 153 81 77 82 8 56 144 111 0 35 109 29 160 33 11 43 134 147 6 188 169 132 13 161 70 3 15 145 195 168 139 182 138 104 87 21 177 5 45 142 78 175 61 36 91 141 97 146 187 163 89 165 127 137 114 103 26 113 194 166 86 185 179 52 172 57 66 94 154 47 148 60 20 59 28 149 4 199 9 22 99 130 95 
185,51274,184 184 152 170 140 183 130 99 22 185 9 199 4 149 28 59 20 60 148 47 94 66 179 172 166 194 113 26 103 114 137 127 165 89 163 180 176 86 95 55 18 62 128 124 106 159 143 34 189 109 35 0 29 160 144 111 81 153 187 146 77 97 141 91 36 61 175 78 142 45 5 177 82 87 21 8 104 56 33 138 182 11 139 43 168 195 134 51 90 147 6 188 169 132 13 145 15 3 70 155 
186,50625,185 185 179 172 52 166 194 113 26 103 114 137 127 165 89 163 187 146 97 141 91 36 61 175 78 142 45 5 177 21 87 104 138 182 139 168 195 145 15 3 70 161 13 132 169 188 6 147 90 134 43 11 49 33 160 29 109 35 0 111 144 56 8 82 77 81 153 180 176 86 95 128 106 159 143 124 62 83 18 55 34 170 152 183 140 199 4 149 28 59 20 60 148 47 154 94 66 22 130 99 
187,51091,186 153 187 146 97 141 77 81 111 82 87 21 91 61 36 175 78 142 45 5 177 8 144 56 104 138 182 139 168 195 145 15 3 70 161 13 132 169 188 6 147 191 90 121 51 134 43 11 49 33 160 29 0 109 35 159 143 106 124 62 18 34 55 83 128 180 176 86 95 183 140 170 152 4 149 28 59 20 60 148 47 94 66 22 130 99 185 179 172 166 194 113 26 103 114 137 127 165 89 163 
188,50798,187 187 146 97 141 91 36 61 175 78 142 45 5 177 21 87 104 138 182 139 168 195 145 15 3 70 161 13 132 169 188 6 147 90 134 43 11 49 33 160 29 109 35 0 111 144 56 8 82 77 81 153 163 180 176 86 95 128 106 159 143 124 62 83 18 55 34 170 152 183 140 199 4 149 28 59 20 60 148 47 154 94 66 22 130 99 185 179 172 52 166 194 113 26 114 137 103 89 127 165 
189,49345,188 188 6 147 191 90 122 131 121 51 134 43 139 11 182 138 33 160 144 56 104 8 21 87 82 177 5 45 142 78 175 61 36 91 141 97 77 146 187 165 127 89 103 137 114 26 113 194 166 172 179 185 99 130 22 66 94 47 148 60 20 59 28 149 4 140 183 152 170 34 55 18 62 124 143 159 106 128 95 86 176 180 163 153 81 111 0 35 109 29 168 195 145 15 3 70 161 13 132 169 
190,50085,189 189 155 3 70 161 15 145 13 132 169 188 6 147 191 90 121 51 134 43 195 168 139 11 182 138 33 56 104 8 21 87 82 177 5 45 142 78 175 61 36 91 141 97 77 146 187 165 127 89 103 137 114 26 113 194 166 172 179 185 99 130 22 66 94 47 148 60 20 59 28 149 4 140 183 152 170 34 55 18 62 124 143 159 106 128 95 86 176 180 163 153 81 111 144 160 29 0 35 109 
191,48179,190 190 80 162 175 78 142 36 61 91 141 97 187 165 127 89 103 114 113 194 166 179 185 99 130 22 66 94 47 148 60 20 28 149 4 140 183 152 170 34 55 18 62 124 106 128 95 86 176 180 163 153 81 77 21 87 82 8 56 144 111 0 35 109 29 160 33 49 11 43 134 147 6 188 169 132 13 161 70 3 15 145 195 168 139 182 138 104 25 177 5 45 136 73 164 31 54 117 198 193 
192,52659,191 191 125 51 121 131 151 54 73 164 31 136 45 5 177 25 104 138 182 139 168 195 145 15 3 70 161 13 132 169 188 6 134 43 11 49 33 160 29 109 35 0 111 144 56 8 82 87 21 77 81 153 163 176 86 95 130 99 185 179 166 194 113 103 89 127 165 187 97 141 91 61 36 142 78 175 162 80 190 193 117 198 156 1 16 27 38 135 102 63 40 107 100 122 133 10 178 147 71 90 
193,51626,192 188 169 132 13 161 70 3 15 145 195 168 29 109 35 0 111 81 153 163 180 176 86 95 128 106 159 143 124 62 83 18 55 34 170 152 183 140 199 4 149 28 59 20 60 148 47 154 94 66 22 130 99 185 179 172 52 166 194 113 26 114 137 103 89 127 165 187 146 77 97 141 91 79 36 61 175 78 142 190 45 5 177 82 87 21 8 104 56 144 160 33 138 182 11 139 43 134 6 147 
194,48625,193 193 80 190 162 175 78 142 36 61 91 141 97 187 165 127 89 103 114 113 194 166 179 185 99 130 22 66 94 47 148 60 20 28 149 4 140 183 152 170 34 55 18 62 124 106 128 95 86 176 180 163 153 81 77 21 87 82 8 56 144 111 0 35 109 29 160 33 49 11 43 134 147 6 188 169 132 13 161 70 3 15 145 195 168 139 182 138 104 25 177 5 45 136 31 164 73 54 117 198 
195,50846,194 194 113 26 103 114 137 127 165 89 163 187 146 97 141 91 36 61 175 78 142 45 5 177 21 87 104 138 182 139 168 195 145 15 3 70 161 13 132 169 188 6 147 90 134 43 11 49 33 160 29 109 35 0 111 144 56 8 82 77 81 153 180 176 86 95 128 106 159 143 124 62 83 18 55 34 170 152 183 140 199 4 149 28 59 20 60 148 47 154 94 66 22 130 99 185 179 172 52 166 
196,49489,195 195 168 29 109 35 0 111 81 153 163 180 176 86 95 128 106 159 143 124 62 18 55 34 170 152 183 140 4 149 28 59 20 60 148 47 94 66 22 130 99 185 179 172 166 194 113 26 114 137 103 89 127 165 187 146 77 97 141 91 36 61 175 78 142 45 5 177 82 87 21 8 104 56 144 160 33 138 182 11 139 43 134 51 121 131 122 90 191 147 6 188 169 132 13 161 70 3 15 145 
197,49463,196 80 190 162 175 78 142 36 61 91 141 97 187 165 127 89 103 113 194 166 179 185 99 130 66 94 47 148 60 20 28 149 4 140 183 152 170 34 55 18 62 124 106 128 95 86 176 163 153 81 77 21 87 82 8 56 144 111 0 35 109 29 160 33 49 11 43 134 147 6 188 169 132 13 161 70 3 15 145 195 168 139 182 138 104 25 177 5 45 136 73 164 193 31 54 117 198 1 156 42 
198,53252,197 1 16 27 38 135 102 63 40 107 100 122 133 10 178 147 71 90 191 51 125 131 121 112 19 151 54 73 164 31 136 45 5 177 25 104 138 182 139 168 195 145 15 3 70 161 13 132 169 188 6 134 43 11 49 33 160 29 109 35 0 111 144 56 8 82 87 21 77 81 153 163 176 86 95 185 179 166 194 113 103 89 127 165 187 97 141 91 61 36 142 78 175 162 80 190 193 117 198 156 
199,50773,198 198 54 73 164 31 136 45 5 177 25 104 138 182 139 168 195 145 15 3 70 161 13 132 169 188 6 147 191 90 178 10 133 122 100 107 40 63 135 131 121 51 98 118 74 134 43 11 49 33 160 29 109 35 0 111 144 56 8 82 87 21 77 81 153 163 176 86 95 124 62 18 55 183 140 130 99 185 179 166 194 113 103 89 127 165 187 97 141 91 61 36 142 78 175 162 80 190 193 117 
200,52120,199 199 9 130 95 86 128 83 55 34 18 62 124 143 159 106 176 180 153 81 77 82 8 56 144 111 0 35 109 29 160 33 11 43 134 147 6 188 169 132 13 161 70 3 15 145 195 168 139 182 138 104 87 21 177 5 45 142 78 175 61 36 91 141 97 146 187 163 89 165 127 137 114 103 26 113 194 166 185 52 172 179 22 99 148 47 66 94 154 60 20 59 28 149 4 53 152 170 140 183 
